episodio,reward_total,frames
1,189.76111111110805,402
2,488.81578947367194,1000
3,793.4707903779868,1000
4,592.5675675675492,1000
5,247.70114942529284,1000
