episodio,reward_total,frames
1,463.1399317405961,1000
2,358.0838323353141,1000
3,387.3949579831878,1000
4,46.633440514470266,271
5,59.01060070671845,1000
