episodio,reward_total,frames
1,60.142348754448555,1000
2,188.5245901639374,1000
3,-23.333333333334085,1000
4,272.3076923076928,1000
5,451.72413793101674,1000
