episodio,reward_total,frames
1,646.6666666666513,1000
2,157.32899022801817,1000
3,67.23549488055093,1000
4,162.45847176080255,1000
5,160.57931034481527,809
