episodio,reward_total,frames
1,93.87755102041305,1000
2,265.51724137929375,1000
3,64.38356164384044,1000
4,30.742049469966666,1000
5,89.30041152263865,1000
