episodio,reward_total,frames
1,827.272727272709,1000
2,876.923076923058,1000
3,906.4999999999825,935
4,874.7292418772453,1000
5,916.9999999999875,830
