episodio,reward_total,frames
1,252.72727272725606,1000
2,376.5342960288799,1000
3,263.8888888888863,1000
4,374.63768115942054,1000
5,825.0936329587873,1000
