episodio,reward_total,frames
1,883.3333333333201,1000
2,321.2218649517509,1000
3,278.2894736841932,1000
4,854.3859649122604,1000
5,501.3513513513344,1000
